meeting_date,meeting_number,selic_target_pct,extraordinary,scheduled,source
1996-06-26,1,1.9,false,false,bcb/historicotaxasjuros
1996-07-30,2,1.9,false,false,bcb/historicotaxasjuros
1996-08-21,3,1.88,false,false,bcb/historicotaxasjuros
1996-09-23,4,1.82,false,false,bcb/historicotaxasjuros
1996-10-23,5,1.78,false,false,bcb/historicotaxasjuros
1996-11-27,6,1.74,false,false,bcb/historicotaxasjuros
1996-12-18,7,1.7,false,false,bcb/historicotaxasjuros
1997-01-22,8,1.66,false,false,bcb/historicotaxasjuros
1997-02-19,9,1.62,false,false,bcb/historicotaxasjuros
1997-03-19,10,1.58,false,false,bcb/historicotaxasjuros
1997-04-16,11,1.58,false,false,bcb/historicotaxasjuros
1997-05-21,12,1.58,false,false,bcb/historicotaxasjuros
1997-06-18,13,1.58,false,false,bcb/historicotaxasjuros
1997-07-23,14,1.58,false,false,bcb/historicotaxasjuros
1997-08-20,15,1.58,false,false,bcb/historicotaxasjuros
1997-09-17,16,1.58,false,false,bcb/historicotaxasjuros
1997-10-22,17,1.0,false,false,bcb/historicotaxasjuros
1997-10-30,18,3.05,true,false,bcb/historicotaxasjuros
1997-11-19,19,2.9,false,false,bcb/historicotaxasjuros
1997-12-17,20,38.0,false,false,bcb/historicotaxasjuros
1998-01-28,21,34.5,false,false,bcb/historicotaxasjuros
1998-03-04,22,28.0,false,false,bcb/historicotaxasjuros
1998-04-15,23,23.25,false,false,bcb/historicotaxasjuros
1998-05-20,24,21.75,false,false,bcb/historicotaxasjuros
1998-06-24,25,21.0,false,false,bcb/historicotaxasjuros
1998-07-29,26,19.75,false,false,bcb/historicotaxasjuros
1998-09-02,27,19.0,false,false,bcb/historicotaxasjuros
1998-09-10,28,19.0,true,false,bcb/historicotaxasjuros
1998-10-07,29,19.0,false,false,bcb/historicotaxasjuros
1998-11-11,30,19.0,false,false,bcb/historicotaxasjuros
1998-12-16,31,29.0,false,false,bcb/historicotaxasjuros
1999-01-18,32,25.0,false,false,bcb/historicotaxasjuros
1999-03-04,33,45.0,false,false,bcb/historicotaxasjuros
1999-03-25,33,42.0,false,false,bcb/historicotaxasjuros
1999-04-05,33,39.5,false,false,bcb/historicotaxasjuros
1999-04-14,34,34.0,false,false,bcb/historicotaxasjuros
1999-04-28,34,32.0,false,false,bcb/historicotaxasjuros
1999-05-07,34,29.5,false,false,bcb/historicotaxasjuros
1999-05-12,34,27.0,false,false,bcb/historicotaxasjuros
1999-05-19,35,23.5,false,false,bcb/historicotaxasjuros
1999-06-08,35,22.0,false,false,bcb/historicotaxasjuros
1999-06-23,36,21.0,false,false,bcb/historicotaxasjuros
1999-07-28,37,19.5,false,false,bcb/historicotaxasjuros
1999-09-01,38,19.5,false,false,bcb/historicotaxasjuros
1999-09-22,39,19.0,false,false,bcb/historicotaxasjuros
1999-10-06,40,19.0,false,false,bcb/historicotaxasjuros
1999-11-10,41,19.0,false,false,bcb/historicotaxasjuros
1999-12-15,42,19.0,false,false,bcb/historicotaxasjuros
2000-01-19,43,19.0,false,false,bcb/historicotaxasjuros
2000-02-16,44,19.0,false,false,bcb/historicotaxasjuros
2000-03-22,45,19.0,false,false,bcb/historicotaxasjuros
2000-03-28,45,18.5,false,false,bcb/historicotaxasjuros
2000-04-19,46,18.5,false,false,bcb/historicotaxasjuros
2000-05-24,47,18.5,false,false,bcb/historicotaxasjuros
2000-06-20,48,17.5,false,false,bcb/historicotaxasjuros
2000-07-07,48,17.0,false,false,bcb/historicotaxasjuros
2000-07-19,49,16.5,false,false,bcb/historicotaxasjuros
2000-08-23,50,16.5,false,false,bcb/historicotaxasjuros
2000-09-20,51,16.5,false,false,bcb/historicotaxasjuros
2000-10-18,52,16.5,false,false,bcb/historicotaxasjuros
2000-11-22,53,16.5,false,false,bcb/historicotaxasjuros
2000-12-20,54,15.75,false,false,bcb/historicotaxasjuros
2001-01-17,55,15.25,false,false,bcb/historicotaxasjuros
2001-02-14,56,15.25,false,false,bcb/historicotaxasjuros
2001-03-21,57,15.75,false,false,bcb/historicotaxasjuros
2001-04-18,58,16.25,false,false,bcb/historicotaxasjuros
2001-05-23,59,16.75,false,false,bcb/historicotaxasjuros
2001-06-20,60,18.25,false,false,bcb/historicotaxasjuros
2001-07-18,61,19.0,false,false,bcb/historicotaxasjuros
2001-08-22,62,19.0,false,false,bcb/historicotaxasjuros
2001-09-19,63,19.0,false,false,bcb/historicotaxasjuros
2001-10-17,64,19.0,false,false,bcb/historicotaxasjuros
2001-11-21,65,19.0,false,false,bcb/historicotaxasjuros
2001-12-19,66,19.0,false,false,bcb/historicotaxasjuros
2002-01-23,67,19.0,false,false,bcb/historicotaxasjuros
2002-02-20,68,18.75,false,false,bcb/historicotaxasjuros
2002-03-20,69,18.5,false,false,bcb/historicotaxasjuros
2002-04-17,70,18.5,false,false,bcb/historicotaxasjuros
2002-05-22,71,18.5,false,false,bcb/historicotaxasjuros
2002-06-19,72,18.5,false,false,bcb/historicotaxasjuros
2002-07-17,73,18.0,false,false,bcb/historicotaxasjuros
2002-08-21,74,18.0,false,false,bcb/historicotaxasjuros
2002-09-18,75,18.0,false,false,bcb/historicotaxasjuros
2002-10-14,76,21.0,true,false,bcb/historicotaxasjuros
2002-10-23,77,21.0,false,false,bcb/historicotaxasjuros
2002-11-20,78,22.0,false,false,bcb/historicotaxasjuros
2002-12-18,79,25.0,false,false,bcb/historicotaxasjuros
2003-01-22,80,25.5,false,false,bcb/historicotaxasjuros
2003-02-19,81,26.5,false,false,bcb/historicotaxasjuros
2003-03-19,82,26.5,false,false,bcb/historicotaxasjuros
2003-04-23,83,26.5,false,false,bcb/historicotaxasjuros
2003-05-21,84,26.5,false,false,bcb/historicotaxasjuros
2003-06-18,85,26.0,false,false,bcb/historicotaxasjuros
2003-07-23,86,24.5,false,false,bcb/historicotaxasjuros
2003-08-20,87,22.0,false,false,bcb/historicotaxasjuros
2003-09-17,88,20.0,false,false,bcb/historicotaxasjuros
2003-10-22,89,19.0,false,false,bcb/historicotaxasjuros
2003-11-19,90,17.5,false,false,bcb/historicotaxasjuros
2003-12-17,91,16.5,false,false,bcb/historicotaxasjuros
2004-01-21,92,16.5,false,false,bcb/historicotaxasjuros
2004-02-18,93,16.5,false,false,bcb/historicotaxasjuros
2004-03-17,94,16.25,false,false,bcb/historicotaxasjuros
2004-04-14,95,16.0,false,false,bcb/historicotaxasjuros
2004-05-19,96,16.0,false,false,bcb/historicotaxasjuros
2004-06-16,97,16.0,false,false,bcb/historicotaxasjuros
2004-07-21,98,16.0,false,false,bcb/historicotaxasjuros
2004-08-18,99,16.0,false,false,bcb/historicotaxasjuros
2004-09-15,100,16.25,false,false,bcb/historicotaxasjuros
2004-10-20,101,16.75,false,false,bcb/historicotaxasjuros
2004-11-17,102,17.25,false,false,bcb/historicotaxasjuros
2004-12-15,103,17.75,false,false,bcb/historicotaxasjuros
2005-01-19,104,18.25,false,false,bcb/historicotaxasjuros
2005-02-16,105,18.75,false,false,bcb/historicotaxasjuros
2005-03-16,106,19.25,false,false,bcb/historicotaxasjuros
2005-04-20,107,19.5,false,false,bcb/historicotaxasjuros
2005-05-18,108,19.75,false,false,bcb/historicotaxasjuros
2005-06-15,109,19.75,false,false,bcb/historicotaxasjuros
2005-07-20,110,19.75,false,false,bcb/historicotaxasjuros
2005-08-17,111,19.75,false,false,bcb/historicotaxasjuros
2005-09-14,112,19.5,false,false,bcb/historicotaxasjuros
2005-10-19,113,19.0,false,false,bcb/historicotaxasjuros
2005-11-23,114,18.5,false,false,bcb/historicotaxasjuros
2005-12-14,115,18.0,false,false,bcb/historicotaxasjuros
2006-01-18,116,17.25,false,false,bcb/historicotaxasjuros
2006-03-08,117,16.5,false,false,bcb/historicotaxasjuros
2006-04-19,118,15.75,false,false,bcb/historicotaxasjuros
2006-05-31,119,15.25,false,false,bcb/historicotaxasjuros
2006-07-19,120,14.75,false,false,bcb/historicotaxasjuros
2006-08-30,121,14.25,false,false,bcb/historicotaxasjuros
2006-10-18,122,13.75,false,false,bcb/historicotaxasjuros
2006-11-29,123,13.25,false,false,bcb/historicotaxasjuros
2007-01-24,124,13.0,false,false,bcb/historicotaxasjuros
2007-03-07,125,12.75,false,false,bcb/historicotaxasjuros
2007-04-18,126,12.5,false,false,bcb/historicotaxasjuros
2007-06-06,127,12.0,false,false,bcb/historicotaxasjuros
2007-07-18,128,11.5,false,false,bcb/historicotaxasjuros
2007-09-05,129,11.25,false,false,bcb/historicotaxasjuros
2007-10-17,130,11.25,false,false,bcb/historicotaxasjuros
2007-12-05,131,11.25,false,false,bcb/historicotaxasjuros
2008-01-23,132,11.25,false,false,bcb/historicotaxasjuros
2008-03-05,133,11.25,false,false,bcb/historicotaxasjuros
2008-04-16,134,11.75,false,false,bcb/historicotaxasjuros
2008-06-04,135,12.25,false,false,bcb/historicotaxasjuros
2008-07-23,136,13.0,false,false,bcb/historicotaxasjuros
2008-09-10,137,13.75,false,false,bcb/historicotaxasjuros
2008-10-29,138,13.75,false,false,bcb/historicotaxasjuros
2008-12-10,139,13.75,false,false,bcb/historicotaxasjuros
2009-01-21,140,12.75,false,false,bcb/historicotaxasjuros
2009-03-11,141,11.25,false,false,bcb/historicotaxasjuros
2009-04-29,142,10.25,false,false,bcb/historicotaxasjuros
2009-06-10,143,9.25,false,false,bcb/historicotaxasjuros
2009-07-22,144,8.75,false,false,bcb/historicotaxasjuros
2009-09-02,145,8.75,false,false,bcb/historicotaxasjuros
2009-10-21,146,8.75,false,false,bcb/historicotaxasjuros
2009-12-09,147,8.75,false,false,bcb/historicotaxasjuros
2010-01-27,148,8.75,false,false,bcb/historicotaxasjuros
2010-03-17,149,8.75,false,false,bcb/historicotaxasjuros
2010-04-28,150,9.5,false,false,bcb/historicotaxasjuros
2010-06-09,151,10.25,false,false,bcb/historicotaxasjuros
2010-07-21,152,10.75,false,false,bcb/historicotaxasjuros
2010-09-01,153,10.75,false,false,bcb/historicotaxasjuros
2010-10-20,154,10.75,false,false,bcb/historicotaxasjuros
2010-12-08,155,10.75,false,false,bcb/historicotaxasjuros
2011-01-19,156,11.25,false,false,bcb/historicotaxasjuros
2011-03-02,157,11.75,false,false,bcb/historicotaxasjuros
2011-04-20,158,12.0,false,false,bcb/historicotaxasjuros
2011-06-08,159,12.25,false,false,bcb/historicotaxasjuros
2011-07-20,160,12.5,false,false,bcb/historicotaxasjuros
2011-08-31,161,12.0,false,false,bcb/historicotaxasjuros
2011-10-19,162,11.5,false,false,bcb/historicotaxasjuros
2011-11-30,163,11.0,false,false,bcb/historicotaxasjuros
2012-01-18,164,10.5,false,false,bcb/historicotaxasjuros
2012-03-07,165,9.75,false,false,bcb/historicotaxasjuros
2012-04-18,166,9.0,false,false,bcb/historicotaxasjuros
2012-05-30,167,8.5,false,false,bcb/historicotaxasjuros
2012-07-11,168,8.0,false,false,bcb/historicotaxasjuros
2012-08-29,169,7.5,false,false,bcb/historicotaxasjuros
2012-10-10,170,7.25,false,false,bcb/historicotaxasjuros
2012-11-28,171,7.25,false,false,bcb/historicotaxasjuros
2013-01-16,172,7.25,false,false,bcb/historicotaxasjuros
2013-03-06,173,7.25,false,false,bcb/historicotaxasjuros
2013-04-17,174,7.5,false,false,bcb/historicotaxasjuros
2013-05-29,175,8.0,false,false,bcb/historicotaxasjuros
2013-07-10,176,8.5,false,false,bcb/historicotaxasjuros
2013-08-28,177,9.0,false,false,bcb/historicotaxasjuros
2013-10-09,178,9.5,false,false,bcb/historicotaxasjuros
2013-11-27,179,10.0,false,false,bcb/historicotaxasjuros
2014-01-15,180,10.5,false,false,bcb/historicotaxasjuros
2014-02-26,181,10.75,false,false,bcb/historicotaxasjuros
2014-04-02,182,11.0,false,false,bcb/historicotaxasjuros
2014-05-28,183,11.0,false,false,bcb/historicotaxasjuros
2014-07-16,184,11.0,false,false,bcb/historicotaxasjuros
2014-09-03,185,11.0,false,false,bcb/historicotaxasjuros
2014-10-29,186,11.25,false,false,bcb/historicotaxasjuros
2014-12-03,187,11.75,false,false,bcb/historicotaxasjuros
2015-01-21,188,12.25,false,false,bcb/historicotaxasjuros
2015-03-04,189,12.75,false,false,bcb/historicotaxasjuros
2015-04-29,190,13.25,false,false,bcb/historicotaxasjuros
2015-06-03,191,13.75,false,false,bcb/historicotaxasjuros
2015-07-29,192,14.25,false,false,bcb/historicotaxasjuros
2015-09-02,193,14.25,false,false,bcb/historicotaxasjuros
2015-10-21,194,14.25,false,false,bcb/historicotaxasjuros
2015-11-25,195,14.25,false,false,bcb/historicotaxasjuros
2016-01-20,196,14.25,false,false,bcb/historicotaxasjuros
2016-03-02,197,14.25,false,false,bcb/historicotaxasjuros
2016-04-27,198,14.25,false,false,bcb/historicotaxasjuros
2016-06-08,199,14.25,false,false,bcb/historicotaxasjuros
2016-07-20,200,14.25,false,false,bcb/historicotaxasjuros
2016-08-31,201,14.25,false,false,bcb/historicotaxasjuros
2016-10-19,202,14.0,false,false,bcb/historicotaxasjuros
2016-11-30,203,13.75,false,false,bcb/historicotaxasjuros
2017-01-11,204,13.0,false,false,bcb/historicotaxasjuros
2017-02-22,205,12.25,false,false,bcb/historicotaxasjuros
2017-04-12,206,11.25,false,false,bcb/historicotaxasjuros
2017-05-31,207,10.25,false,false,bcb/historicotaxasjuros
2017-07-26,208,9.25,false,false,bcb/historicotaxasjuros
2017-09-06,209,8.25,false,false,bcb/historicotaxasjuros
2017-10-25,210,7.5,false,false,bcb/historicotaxasjuros
2017-12-06,211,7.0,false,false,bcb/historicotaxasjuros
2018-02-07,212,6.75,false,false,bcb/historicotaxasjuros
2018-03-21,213,6.5,false,false,bcb/historicotaxasjuros
2018-05-16,214,6.5,false,false,bcb/historicotaxasjuros
2018-06-20,215,6.5,false,false,bcb/historicotaxasjuros
2018-08-01,216,6.5,false,false,bcb/historicotaxasjuros
2018-09-19,217,6.5,false,false,bcb/historicotaxasjuros
2018-10-31,218,6.5,false,false,bcb/historicotaxasjuros
2018-12-12,219,6.5,false,false,bcb/historicotaxasjuros
2019-02-06,220,6.5,false,false,bcb/historicotaxasjuros
2019-03-20,221,6.5,false,false,bcb/historicotaxasjuros
2019-05-08,222,6.5,false,false,bcb/historicotaxasjuros
2019-06-19,223,6.5,false,false,bcb/historicotaxasjuros
2019-07-31,224,6.0,false,false,bcb/historicotaxasjuros
2019-09-18,225,5.5,false,false,bcb/historicotaxasjuros
2019-10-30,226,5.0,false,false,bcb/historicotaxasjuros
2019-12-11,227,4.5,false,false,bcb/historicotaxasjuros
2020-02-05,228,4.25,false,false,bcb/historicotaxasjuros
2020-03-18,229,3.75,false,false,bcb/historicotaxasjuros
2020-05-06,230,3.0,false,false,bcb/historicotaxasjuros
2020-06-17,231,2.25,false,false,bcb/historicotaxasjuros
2020-08-05,232,2.0,false,false,bcb/historicotaxasjuros
2020-09-16,233,2.0,false,false,bcb/historicotaxasjuros
2020-10-28,234,2.0,false,false,bcb/historicotaxasjuros
2020-12-09,235,2.0,false,false,bcb/historicotaxasjuros
2021-01-20,236,2.0,false,false,bcb/historicotaxasjuros
2021-03-17,237,2.75,false,false,bcb/historicotaxasjuros
2021-05-05,238,3.5,false,false,bcb/historicotaxasjuros
2021-06-16,239,4.25,false,false,bcb/historicotaxasjuros
2021-08-04,240,5.25,false,false,bcb/historicotaxasjuros
2021-09-22,241,6.25,false,false,bcb/historicotaxasjuros
2021-10-27,242,7.75,false,false,bcb/historicotaxasjuros
2021-12-08,243,9.25,false,false,bcb/historicotaxasjuros
2022-02-02,244,10.75,false,false,bcb/historicotaxasjuros
2022-03-16,245,11.75,false,false,bcb/historicotaxasjuros
2022-05-04,246,12.75,false,false,bcb/historicotaxasjuros
2022-06-15,247,13.25,false,false,bcb/historicotaxasjuros
2022-08-03,248,13.75,false,false,bcb/historicotaxasjuros
2022-09-21,249,13.75,false,false,bcb/historicotaxasjuros
2022-10-26,250,13.75,false,false,bcb/historicotaxasjuros
2022-12-07,251,13.75,false,false,bcb/historicotaxasjuros
2023-02-01,252,13.75,false,false,bcb/historicotaxasjuros
2023-03-22,253,13.75,false,false,bcb/historicotaxasjuros
2023-05-03,254,13.75,false,false,bcb/historicotaxasjuros
2023-06-21,255,13.75,false,false,bcb/historicotaxasjuros
2023-08-02,256,13.25,false,false,bcb/historicotaxasjuros
2023-09-20,257,12.75,false,false,bcb/historicotaxasjuros
2023-11-01,258,12.25,false,false,bcb/historicotaxasjuros
2023-12-13,259,11.75,false,false,bcb/historicotaxasjuros
2024-01-31,260,11.25,false,false,bcb/historicotaxasjuros
2024-03-20,261,10.75,false,false,bcb/historicotaxasjuros
2024-05-08,262,10.5,false,false,bcb/historicotaxasjuros
2024-06-19,263,10.5,false,false,bcb/historicotaxasjuros
2024-07-31,264,10.5,false,false,bcb/historicotaxasjuros
2024-09-18,265,10.75,false,false,bcb/historicotaxasjuros
2024-11-06,266,11.25,false,false,bcb/historicotaxasjuros
2024-12-11,267,12.25,false,false,bcb/historicotaxasjuros
2025-01-29,268,13.25,false,false,bcb/historicotaxasjuros
2025-03-19,269,14.25,false,false,bcb/historicotaxasjuros
2025-05-07,270,14.75,false,false,bcb/historicotaxasjuros
2025-06-18,271,15.0,false,false,bcb/historicotaxasjuros
2025-07-30,272,15.0,false,false,bcb/historicotaxasjuros
2025-09-17,273,15.0,false,false,bcb/historicotaxasjuros
2025-11-05,274,15.0,false,false,bcb/historicotaxasjuros
2025-12-10,275,15.0,false,false,bcb/historicotaxasjuros
2026-01-28,276,15.0,false,false,bcb/historicotaxasjuros
2026-03-18,277,14.75,false,false,bcb/historicotaxasjuros
2026-04-29,278,14.5,false,false,bcb/historicotaxasjuros
2026-06-17,279,14.25,false,false,bcb/historicotaxasjuros
2026-08-05,280,14.0,false,false,bcb/historicotaxasjuros
2026-09-16,281,,false,true,Comunicado 43.383
2026-11-04,282,,false,true,Comunicado 43.383
2026-12-09,283,,false,true,Comunicado 43.383
2027-01-27,284,,false,true,Comunicado 45.452
2027-03-17,285,,false,true,Comunicado 45.452
2027-04-28,286,,false,true,Comunicado 45.452
2027-06-16,287,,false,true,Comunicado 45.452
2027-08-04,288,,false,true,Comunicado 45.452
2027-09-22,289,,false,true,Comunicado 45.452
2027-10-27,290,,false,true,Comunicado 45.452
2027-12-08,291,,false,true,Comunicado 45.452
