release,meeting_label,median_pct,n_respondents
2026-07-15,R5/2026,14.0,142
2026-07-15,R6/2026,14.0,142
2026-07-15,R7/2026,14.0,142
2026-07-15,R8/2026,14.0,143
2026-07-15,R1/2027,13.75,133
2026-07-15,R2/2027,13.5,133
2026-07-15,R3/2027,13.25,133
2026-07-15,R4/2027,13.0,133
2026-07-15,R5/2027,12.75,133
2026-07-15,R6/2027,12.5,133
2026-07-15,R7/2027,12.25,133
2026-07-15,R8/2027,12.0,138
2026-07-15,R1/2028,12.0,117
2026-07-15,R2/2028,11.5,115
2026-07-15,R3/2028,11.5,112
2026-07-15,R4/2028,11.5,89
2026-07-16,R5/2026,14.0,141
2026-07-16,R6/2026,14.0,141
2026-07-16,R7/2026,14.0,141
2026-07-16,R8/2026,14.0,142
2026-07-16,R1/2027,13.75,132
2026-07-16,R2/2027,13.5,132
2026-07-16,R3/2027,13.25,132
2026-07-16,R4/2027,13.0,132
2026-07-16,R5/2027,12.75,132
2026-07-16,R6/2027,12.5,132
2026-07-16,R7/2027,12.25,132
2026-07-16,R8/2027,12.0,137
2026-07-16,R1/2028,12.0,116
2026-07-16,R2/2028,11.625,114
2026-07-16,R3/2028,11.5,111
2026-07-16,R4/2028,11.5,89
2026-07-17,R5/2026,14.0,143
2026-07-17,R6/2026,14.0,143
2026-07-17,R7/2026,14.0,143
2026-07-17,R8/2026,14.0,144
2026-07-17,R1/2027,13.75,134
2026-07-17,R2/2027,13.5,134
2026-07-17,R3/2027,13.25,134
2026-07-17,R4/2027,13.0,134
2026-07-17,R5/2027,12.75,134
2026-07-17,R6/2027,12.5,134
2026-07-17,R7/2027,12.25,134
2026-07-17,R8/2027,12.0,139
2026-07-17,R1/2028,12.0,118
2026-07-17,R2/2028,11.75,116
2026-07-17,R3/2028,11.5,113
2026-07-17,R4/2028,11.5,93
2026-07-20,R5/2026,14.0,130
2026-07-20,R6/2026,14.0,130
2026-07-20,R7/2026,14.0,130
2026-07-20,R8/2026,14.0,131
2026-07-20,R1/2027,13.75,121
2026-07-20,R2/2027,13.75,121
2026-07-20,R3/2027,13.5,121
2026-07-20,R4/2027,13.0,121
2026-07-20,R5/2027,12.75,121
2026-07-20,R6/2027,12.5,121
2026-07-20,R7/2027,12.25,121
2026-07-20,R8/2027,12.0,126
2026-07-20,R1/2028,12.0,105
2026-07-20,R2/2028,11.75,104
2026-07-20,R3/2028,11.5,102
2026-07-20,R4/2028,11.5,83
2026-07-21,R5/2026,14.0,130
2026-07-21,R6/2026,14.0,130
2026-07-21,R7/2026,14.0,130
2026-07-21,R8/2026,14.0,131
2026-07-21,R1/2027,13.75,121
2026-07-21,R2/2027,13.75,121
2026-07-21,R3/2027,13.5,121
2026-07-21,R4/2027,13.0,121
2026-07-21,R5/2027,12.75,121
2026-07-21,R6/2027,12.5,121
2026-07-21,R7/2027,12.25,121
2026-07-21,R8/2027,12.0,126
2026-07-21,R1/2028,12.0,105
2026-07-21,R2/2028,11.75,104
2026-07-21,R3/2028,11.5,102
2026-07-21,R4/2028,11.5,83
2026-07-22,R5/2026,14.0,132
2026-07-22,R6/2026,14.0,132
2026-07-22,R7/2026,14.0,132
2026-07-22,R8/2026,14.0,133
2026-07-22,R1/2027,13.75,123
2026-07-22,R2/2027,13.5,123
2026-07-22,R3/2027,13.5,123
2026-07-22,R4/2027,13.0,123
2026-07-22,R5/2027,12.75,123
2026-07-22,R6/2027,12.5,123
2026-07-22,R7/2027,12.25,123
2026-07-22,R8/2027,12.0,128
2026-07-22,R1/2028,12.0,107
2026-07-22,R2/2028,11.75,106
2026-07-22,R3/2028,11.5,104
2026-07-22,R4/2028,11.5,86
2026-07-23,R5/2026,14.0,131
2026-07-23,R6/2026,14.0,131
2026-07-23,R7/2026,14.0,131
2026-07-23,R8/2026,14.0,132
2026-07-23,R1/2027,13.75,122
2026-07-23,R2/2027,13.75,122
2026-07-23,R3/2027,13.5,122
2026-07-23,R4/2027,13.0,122
2026-07-23,R5/2027,12.75,122
2026-07-23,R6/2027,12.5,122
2026-07-23,R7/2027,12.25,122
2026-07-23,R8/2027,12.0,127
2026-07-23,R1/2028,12.0,107
2026-07-23,R2/2028,11.75,106
2026-07-23,R3/2028,11.5,104
2026-07-23,R4/2028,11.5,88
2026-07-24,R5/2026,14.0,148
2026-07-24,R6/2026,14.0,148
2026-07-24,R7/2026,14.0,147
2026-07-24,R8/2026,14.0,149
2026-07-24,R1/2027,13.75,138
2026-07-24,R2/2027,13.5,137
2026-07-24,R3/2027,13.25,137
2026-07-24,R4/2027,13.0,137
2026-07-24,R5/2027,12.75,137
2026-07-24,R6/2027,12.5,137
2026-07-24,R7/2027,12.25,137
2026-07-24,R8/2027,12.0,144
2026-07-24,R1/2028,12.0,122
2026-07-24,R2/2028,11.75,121
2026-07-24,R3/2028,11.5,119
2026-07-24,R4/2028,11.5,105
2026-07-27,R5/2026,14.0,139
2026-07-27,R6/2026,14.0,139
2026-07-27,R7/2026,14.0,139
2026-07-27,R8/2026,14.0,140
2026-07-27,R1/2027,13.75,132
2026-07-27,R2/2027,13.5,131
2026-07-27,R3/2027,13.25,130
2026-07-27,R4/2027,13.0,130
2026-07-27,R5/2027,12.75,130
2026-07-27,R6/2027,12.5,130
2026-07-27,R7/2027,12.25,130
2026-07-27,R8/2027,12.0,136
2026-07-27,R1/2028,12.0,115
2026-07-27,R2/2028,11.75,114
2026-07-27,R3/2028,11.5,112
2026-07-27,R4/2028,11.5,101
2026-07-28,R5/2026,14.0,141
2026-07-28,R6/2026,14.0,141
2026-07-28,R7/2026,14.0,141
2026-07-28,R8/2026,14.0,142
2026-07-28,R1/2027,13.75,135
2026-07-28,R2/2027,13.5,134
2026-07-28,R3/2027,13.25,133
2026-07-28,R4/2027,13.0,133
2026-07-28,R5/2027,12.75,133
2026-07-28,R6/2027,12.5,133
2026-07-28,R7/2027,12.25,133
2026-07-28,R8/2027,12.0,138
2026-07-28,R1/2028,12.0,117
2026-07-28,R2/2028,11.75,116
2026-07-28,R3/2028,11.5,114
2026-07-28,R4/2028,11.5,103
2026-07-29,R5/2026,14.0,144
2026-07-29,R6/2026,14.0,144
2026-07-29,R7/2026,14.0,144
2026-07-29,R8/2026,14.0,145
2026-07-29,R1/2027,13.75,138
2026-07-29,R2/2027,13.5,137
2026-07-29,R3/2027,13.25,136
2026-07-29,R4/2027,13.0,136
2026-07-29,R5/2027,12.75,136
2026-07-29,R6/2027,12.5,136
2026-07-29,R7/2027,12.25,136
2026-07-29,R8/2027,12.0,141
2026-07-29,R1/2028,12.0,119
2026-07-29,R2/2028,11.75,118
2026-07-29,R3/2028,11.5,116
2026-07-29,R4/2028,11.5,105
2026-07-30,R5/2026,14.0,145
2026-07-30,R6/2026,14.0,145
2026-07-30,R7/2026,14.0,145
2026-07-30,R8/2026,14.0,146
2026-07-30,R1/2027,13.75,139
2026-07-30,R2/2027,13.5,138
2026-07-30,R3/2027,13.25,137
2026-07-30,R4/2027,13.0,137
2026-07-30,R5/2027,12.75,137
2026-07-30,R6/2027,12.5,137
2026-07-30,R7/2027,12.25,137
2026-07-30,R8/2027,12.0,142
2026-07-30,R1/2028,12.0,120
2026-07-30,R2/2028,11.75,119
2026-07-30,R3/2028,11.5,117
2026-07-30,R4/2028,11.5,107
2026-07-31,R5/2026,14.0,151
2026-07-31,R6/2026,14.0,151
2026-07-31,R7/2026,13.75,151
2026-07-31,R8/2026,13.75,152
2026-07-31,R1/2027,13.75,144
2026-07-31,R2/2027,13.5,143
2026-07-31,R3/2027,13.25,142
2026-07-31,R4/2027,13.0,142
2026-07-31,R5/2027,12.75,142
2026-07-31,R6/2027,12.5,142
2026-07-31,R7/2027,12.25,142
2026-07-31,R8/2027,12.0,147
2026-07-31,R1/2028,12.0,126
2026-07-31,R2/2028,11.75,125
2026-07-31,R3/2028,11.5,123
2026-07-31,R4/2028,11.5,115
2026-08-03,R5/2026,14.0,150
2026-08-03,R6/2026,14.0,150
2026-08-03,R7/2026,13.8125,150
2026-08-03,R8/2026,13.75,151
2026-08-03,R1/2027,13.75,143
2026-08-03,R2/2027,13.5,142
2026-08-03,R3/2027,13.25,141
2026-08-03,R4/2027,13.0,141
2026-08-03,R5/2027,12.75,141
2026-08-03,R6/2027,12.5,141
2026-08-03,R7/2027,12.25,141
2026-08-03,R8/2027,12.0,146
2026-08-03,R1/2028,12.0,125
2026-08-03,R2/2028,11.75,124
2026-08-03,R3/2028,11.5,122
2026-08-03,R4/2028,11.5,114
2026-08-04,R5/2026,14.0,150
2026-08-04,R6/2026,14.0,150
2026-08-04,R7/2026,13.8125,150
2026-08-04,R8/2026,13.75,151
2026-08-04,R1/2027,13.75,144
2026-08-04,R2/2027,13.5,143
2026-08-04,R3/2027,13.25,142
2026-08-04,R4/2027,13.0,142
2026-08-04,R5/2027,12.75,142
2026-08-04,R6/2027,12.5,142
2026-08-04,R7/2027,12.25,142
2026-08-04,R8/2027,12.0,147
2026-08-04,R1/2028,12.0,126
2026-08-04,R2/2028,11.75,125
2026-08-04,R3/2028,11.5,123
2026-08-04,R4/2028,11.5,115
2026-08-05,R5/2026,14.0,151
2026-08-05,R6/2026,14.0,151
2026-08-05,R7/2026,13.75,151
2026-08-05,R8/2026,13.75,152
2026-08-05,R1/2027,13.75,145
2026-08-05,R2/2027,13.5,144
2026-08-05,R3/2027,13.25,143
2026-08-05,R4/2027,13.0,143
2026-08-05,R5/2027,12.75,143
2026-08-05,R6/2027,12.5,143
2026-08-05,R7/2027,12.25,143
2026-08-05,R8/2027,12.0,148
2026-08-05,R1/2028,12.0,127
2026-08-05,R2/2028,11.75,126
2026-08-05,R3/2028,11.5,124
2026-08-05,R4/2028,11.5,116
2026-08-06,R6/2026,13.875,150
2026-08-06,R7/2026,13.75,150
2026-08-06,R8/2026,13.75,151
2026-08-06,R1/2027,13.75,144
2026-08-06,R2/2027,13.5,143
2026-08-06,R3/2027,13.25,142
2026-08-06,R4/2027,13.0,142
2026-08-06,R5/2027,12.75,142
2026-08-06,R6/2027,12.5,142
2026-08-06,R7/2027,12.25,142
2026-08-06,R8/2027,12.0,147
2026-08-06,R1/2028,12.0,127
2026-08-06,R2/2028,11.75,126
2026-08-06,R3/2028,11.5,124
2026-08-06,R4/2028,11.375,116
2026-08-06,R5/2028,10.75,9
2026-08-07,R6/2026,13.75,150
2026-08-07,R7/2026,13.75,150
2026-08-07,R8/2026,13.75,151
2026-08-07,R1/2027,13.75,144
2026-08-07,R2/2027,13.5,143
2026-08-07,R3/2027,13.25,142
2026-08-07,R4/2027,13.0,142
2026-08-07,R5/2027,12.75,142
2026-08-07,R6/2027,12.5,142
2026-08-07,R7/2027,12.25,142
2026-08-07,R8/2027,12.0,147
2026-08-07,R1/2028,12.0,127
2026-08-07,R2/2028,11.75,126
2026-08-07,R3/2028,11.5,124
2026-08-07,R4/2028,11.375,116
2026-08-07,R5/2028,10.75,12
2026-08-10,R6/2026,13.75,148
2026-08-10,R7/2026,13.75,148
2026-08-10,R8/2026,13.75,149
2026-08-10,R1/2027,13.75,142
2026-08-10,R2/2027,13.5,141
2026-08-10,R3/2027,13.25,140
2026-08-10,R4/2027,13.0,140
2026-08-10,R5/2027,12.75,140
2026-08-10,R6/2027,12.5,140
2026-08-10,R7/2027,12.25,140
2026-08-10,R8/2027,12.0,145
2026-08-10,R1/2028,12.0,124
2026-08-10,R2/2028,11.75,123
2026-08-10,R3/2028,11.5,121
2026-08-10,R4/2028,11.25,115
2026-08-10,R5/2028,10.75,13
2026-08-11,R6/2026,13.75,148
2026-08-11,R7/2026,13.75,148
2026-08-11,R8/2026,13.75,149
2026-08-11,R1/2027,13.75,142
2026-08-11,R2/2027,13.5,141
2026-08-11,R3/2027,13.25,140
2026-08-11,R4/2027,13.0,140
2026-08-11,R5/2027,12.75,140
2026-08-11,R6/2027,12.5,140
2026-08-11,R7/2027,12.25,140
2026-08-11,R8/2027,12.0,145
2026-08-11,R1/2028,12.0,124
2026-08-11,R2/2028,11.75,123
2026-08-11,R3/2028,11.5,121
2026-08-11,R4/2028,11.25,115
2026-08-11,R5/2028,10.875,16
2026-08-12,R6/2026,13.75,148
2026-08-12,R7/2026,13.75,148
2026-08-12,R8/2026,13.75,149
2026-08-12,R1/2027,13.75,142
2026-08-12,R2/2027,13.5,141
2026-08-12,R3/2027,13.25,140
2026-08-12,R4/2027,13.0,140
2026-08-12,R5/2027,12.75,140
2026-08-12,R6/2027,12.5,140
2026-08-12,R7/2027,12.25,140
2026-08-12,R8/2027,12.0,145
2026-08-12,R1/2028,12.0,124
2026-08-12,R2/2028,11.75,123
2026-08-12,R3/2028,11.5,121
2026-08-12,R4/2028,11.25,116
2026-08-12,R5/2028,10.75,22
2026-08-13,R6/2026,13.75,148
2026-08-13,R7/2026,13.75,148
2026-08-13,R8/2026,13.75,149
2026-08-13,R1/2027,13.75,142
2026-08-13,R2/2027,13.5,141
2026-08-13,R3/2027,13.25,140
2026-08-13,R4/2027,13.0,140
2026-08-13,R5/2027,12.75,140
2026-08-13,R6/2027,12.5,140
2026-08-13,R7/2027,12.25,140
2026-08-13,R8/2027,12.0,145
2026-08-13,R1/2028,12.0,125
2026-08-13,R2/2028,11.75,124
2026-08-13,R3/2028,11.5,122
2026-08-13,R4/2028,11.25,117
2026-08-13,R5/2028,10.875,26
2026-08-14,R6/2026,13.75,148
2026-08-14,R7/2026,13.75,148
2026-08-14,R8/2026,13.75,148
2026-08-14,R1/2027,13.75,143
2026-08-14,R2/2027,13.5,142
2026-08-14,R3/2027,13.25,141
2026-08-14,R4/2027,13.0,141
2026-08-14,R5/2027,12.75,141
2026-08-14,R6/2027,12.5,141
2026-08-14,R7/2027,12.25,141
2026-08-14,R8/2027,12.0,145
2026-08-14,R1/2028,12.0,126
2026-08-14,R2/2028,11.75,125
2026-08-14,R3/2028,11.5,123
2026-08-14,R4/2028,11.25,118
2026-08-14,R5/2028,11.0,53
2026-08-17,R6/2026,13.75,145
2026-08-17,R7/2026,13.75,145
2026-08-17,R8/2026,13.75,145
2026-08-17,R1/2027,13.75,140
2026-08-17,R2/2027,13.5,139
2026-08-17,R3/2027,13.25,138
2026-08-17,R4/2027,13.0,138
2026-08-17,R5/2027,12.75,138
2026-08-17,R6/2027,12.5,138
2026-08-17,R7/2027,12.25,138
2026-08-17,R8/2027,12.0,142
2026-08-17,R1/2028,12.0,124
2026-08-17,R2/2028,11.75,123
2026-08-17,R3/2028,11.5,121
2026-08-17,R4/2028,11.25,116
2026-08-17,R5/2028,11.0,55
2026-08-18,R6/2026,13.75,145
2026-08-18,R7/2026,13.75,145
2026-08-18,R8/2026,13.75,145
2026-08-18,R1/2027,13.75,140
2026-08-18,R2/2027,13.5,139
2026-08-18,R3/2027,13.25,138
2026-08-18,R4/2027,13.0,138
2026-08-18,R5/2027,12.75,138
2026-08-18,R6/2027,12.5,138
2026-08-18,R7/2027,12.25,138
2026-08-18,R8/2027,12.0,142
2026-08-18,R1/2028,12.0,124
2026-08-18,R2/2028,11.75,123
2026-08-18,R3/2028,11.5,121
2026-08-18,R4/2028,11.25,116
2026-08-18,R5/2028,11.0,55
2026-08-19,R6/2026,13.75,145
2026-08-19,R7/2026,13.75,145
2026-08-19,R8/2026,13.75,145
2026-08-19,R1/2027,13.75,140
2026-08-19,R2/2027,13.5,139
2026-08-19,R3/2027,13.25,138
2026-08-19,R4/2027,13.0,138
2026-08-19,R5/2027,12.75,138
2026-08-19,R6/2027,12.5,138
2026-08-19,R7/2027,12.25,138
2026-08-19,R8/2027,12.0,142
2026-08-19,R1/2028,12.0,124
2026-08-19,R2/2028,11.75,123
2026-08-19,R3/2028,11.5,121
2026-08-19,R4/2028,11.25,116
2026-08-19,R5/2028,11.0,57
2026-08-20,R6/2026,13.75,143
2026-08-20,R7/2026,13.75,143
2026-08-20,R8/2026,13.75,143
2026-08-20,R1/2027,13.75,139
2026-08-20,R2/2027,13.5,138
2026-08-20,R3/2027,13.25,137
2026-08-20,R4/2027,13.0,137
2026-08-20,R5/2027,12.75,137
2026-08-20,R6/2027,12.5,137
2026-08-20,R7/2027,12.25,137
2026-08-20,R8/2027,12.0,140
2026-08-20,R1/2028,12.0,123
2026-08-20,R2/2028,11.75,122
2026-08-20,R3/2028,11.5,120
2026-08-20,R4/2028,11.25,115
2026-08-20,R5/2028,11.0,57
2026-08-21,R6/2026,13.75,145
2026-08-21,R7/2026,13.75,145
2026-08-21,R8/2026,13.75,145
2026-08-21,R1/2027,13.75,141
2026-08-21,R2/2027,13.5,140
2026-08-21,R3/2027,13.25,139
2026-08-21,R4/2027,13.0,139
2026-08-21,R5/2027,12.75,138
2026-08-21,R6/2027,12.5,138
2026-08-21,R7/2027,12.25,138
2026-08-21,R8/2027,12.0,142
2026-08-21,R1/2028,12.0,124
2026-08-21,R2/2028,11.75,123
2026-08-21,R3/2028,11.5,122
2026-08-21,R4/2028,11.25,118
2026-08-21,R5/2028,11.25,70
2026-08-24,R6/2026,13.75,142
2026-08-24,R7/2026,13.75,142
2026-08-24,R8/2026,13.75,142
2026-08-24,R1/2027,13.75,138
2026-08-24,R2/2027,13.5,137
2026-08-24,R3/2027,13.25,136
2026-08-24,R4/2027,13.0,136
2026-08-24,R5/2027,12.75,135
2026-08-24,R6/2027,12.5,135
2026-08-24,R7/2027,12.25,135
2026-08-24,R8/2027,12.0,139
2026-08-24,R1/2028,12.0,122
2026-08-24,R2/2028,11.75,121
2026-08-24,R3/2028,11.5,121
2026-08-24,R4/2028,11.25,117
2026-08-24,R5/2028,11.0,77
2026-08-25,R6/2026,13.75,144
2026-08-25,R7/2026,13.75,144
2026-08-25,R8/2026,13.75,144
2026-08-25,R1/2027,13.75,140
2026-08-25,R2/2027,13.5,139
2026-08-25,R3/2027,13.25,138
2026-08-25,R4/2027,13.0,138
2026-08-25,R5/2027,12.75,137
2026-08-25,R6/2027,12.5,137
2026-08-25,R7/2027,12.25,137
2026-08-25,R8/2027,12.0,141
2026-08-25,R1/2028,12.0,124
2026-08-25,R2/2028,11.75,123
2026-08-25,R3/2028,11.5,123
2026-08-25,R4/2028,11.25,119
2026-08-25,R5/2028,11.0,79
2026-08-26,R6/2026,13.75,145
2026-08-26,R7/2026,13.75,145
2026-08-26,R8/2026,13.75,145
2026-08-26,R1/2027,13.75,141
2026-08-26,R2/2027,13.5,140
2026-08-26,R3/2027,13.25,139
2026-08-26,R4/2027,13.0,139
2026-08-26,R5/2027,12.75,138
2026-08-26,R6/2027,12.5,138
2026-08-26,R7/2027,12.25,138
2026-08-26,R8/2027,12.0,142
2026-08-26,R1/2028,12.0,124
2026-08-26,R2/2028,11.75,123
2026-08-26,R3/2028,11.5,123
2026-08-26,R4/2028,11.25,119
2026-08-26,R5/2028,11.0,80
2026-08-27,R6/2026,13.75,145
2026-08-27,R7/2026,13.75,145
2026-08-27,R8/2026,13.75,145
2026-08-27,R1/2027,13.75,141
2026-08-27,R2/2027,13.5,140
2026-08-27,R3/2027,13.25,139
2026-08-27,R4/2027,13.0,139
2026-08-27,R5/2027,12.75,138
2026-08-27,R6/2027,12.5,138
2026-08-27,R7/2027,12.25,138
2026-08-27,R8/2027,12.0,142
2026-08-27,R1/2028,12.0,124
2026-08-27,R2/2028,11.75,123
2026-08-27,R3/2028,11.5,123
2026-08-27,R4/2028,11.25,119
2026-08-27,R5/2028,11.0,81
2026-08-28,R6/2026,13.75,143
2026-08-28,R7/2026,13.75,143
2026-08-28,R8/2026,13.75,143
2026-08-28,R1/2027,13.75,139
2026-08-28,R2/2027,13.5,138
2026-08-28,R3/2027,13.25,137
2026-08-28,R4/2027,13.0,137
2026-08-28,R5/2027,12.75,136
2026-08-28,R6/2027,12.5,136
2026-08-28,R7/2027,12.25,136
2026-08-28,R8/2027,12.0,140
2026-08-28,R1/2028,12.0,123
2026-08-28,R2/2028,11.625,122
2026-08-28,R3/2028,11.5,122
2026-08-28,R4/2028,11.25,118
2026-08-28,R5/2028,11.0,85
2026-08-31,R6/2026,13.75,135
2026-08-31,R7/2026,13.75,135
2026-08-31,R8/2026,13.75,136
2026-08-31,R1/2027,13.75,133
2026-08-31,R2/2027,13.5,132
2026-08-31,R3/2027,13.25,132
2026-08-31,R4/2027,13.0,132
2026-08-31,R5/2027,12.75,131
2026-08-31,R6/2027,12.5,131
2026-08-31,R7/2027,12.25,131
2026-08-31,R8/2027,12.0,135
2026-08-31,R1/2028,12.0,118
2026-08-31,R2/2028,11.5,117
2026-08-31,R3/2028,11.5,117
2026-08-31,R4/2028,11.25,113
2026-08-31,R5/2028,11.0,87
2026-09-01,R6/2026,13.75,135
2026-09-01,R7/2026,13.75,135
2026-09-01,R8/2026,13.75,136
2026-09-01,R1/2027,13.75,133
2026-09-01,R2/2027,13.5,132
2026-09-01,R3/2027,13.25,132
2026-09-01,R4/2027,13.0,132
2026-09-01,R5/2027,12.75,131
2026-09-01,R6/2027,12.5,131
2026-09-01,R7/2027,12.25,131
2026-09-01,R8/2027,12.0,135
2026-09-01,R1/2028,12.0,118
2026-09-01,R2/2028,11.5,117
2026-09-01,R3/2028,11.5,117
2026-09-01,R4/2028,11.25,113
2026-09-01,R5/2028,11.0,87
2026-09-02,R6/2026,13.75,136
2026-09-02,R7/2026,13.75,136
2026-09-02,R8/2026,13.75,137
2026-09-02,R1/2027,13.75,134
2026-09-02,R2/2027,13.5,133
2026-09-02,R3/2027,13.25,133
2026-09-02,R4/2027,13.0,133
2026-09-02,R5/2027,12.75,132
2026-09-02,R6/2027,12.5,132
2026-09-02,R7/2027,12.25,132
2026-09-02,R8/2027,12.0,136
2026-09-02,R1/2028,12.0,118
2026-09-02,R2/2028,11.5,117
2026-09-02,R3/2028,11.5,117
2026-09-02,R4/2028,11.25,113
2026-09-02,R5/2028,11.0,87
2026-09-03,R6/2026,13.75,138
2026-09-03,R7/2026,13.75,138
2026-09-03,R8/2026,13.75,139
2026-09-03,R1/2027,13.75,136
2026-09-03,R2/2027,13.5,135
2026-09-03,R3/2027,13.25,135
2026-09-03,R4/2027,13.0,135
2026-09-03,R5/2027,12.75,134
2026-09-03,R6/2027,12.5,134
2026-09-03,R7/2027,12.25,134
2026-09-03,R8/2027,12.0,138
2026-09-03,R1/2028,12.0,121
2026-09-03,R2/2028,11.5,120
2026-09-03,R3/2028,11.5,120
2026-09-03,R4/2028,11.25,116
2026-09-03,R5/2028,11.0,90
2026-09-04,R6/2026,13.75,139
2026-09-04,R7/2026,13.75,139
2026-09-04,R8/2026,13.75,140
2026-09-04,R1/2027,13.75,137
2026-09-04,R2/2027,13.5,136
2026-09-04,R3/2027,13.25,136
2026-09-04,R4/2027,13.0,136
2026-09-04,R5/2027,12.75,135
2026-09-04,R6/2027,12.5,135
2026-09-04,R7/2027,12.25,135
2026-09-04,R8/2027,12.0,139
2026-09-04,R1/2028,12.0,122
2026-09-04,R2/2028,11.5,121
2026-09-04,R3/2028,11.5,121
2026-09-04,R4/2028,11.25,117
2026-09-04,R5/2028,11.0,92
2026-09-08,R6/2026,13.75,137
2026-09-08,R7/2026,13.75,137
2026-09-08,R8/2026,13.75,138
2026-09-08,R1/2027,13.75,135
2026-09-08,R2/2027,13.5,134
2026-09-08,R3/2027,13.25,134
2026-09-08,R4/2027,13.0,134
2026-09-08,R5/2027,12.75,133
2026-09-08,R6/2027,12.5,133
2026-09-08,R7/2027,12.25,133
2026-09-08,R8/2027,12.0,137
2026-09-08,R1/2028,12.0,120
2026-09-08,R2/2028,11.5,119
2026-09-08,R3/2028,11.5,119
2026-09-08,R4/2028,11.25,116
2026-09-08,R5/2028,11.0,91
2026-09-09,R6/2026,13.75,137
2026-09-09,R7/2026,13.75,137
2026-09-09,R8/2026,13.75,138
2026-09-09,R1/2027,13.75,135
2026-09-09,R2/2027,13.5,134
2026-09-09,R3/2027,13.25,134
2026-09-09,R4/2027,13.0,134
2026-09-09,R5/2027,12.75,133
2026-09-09,R6/2027,12.5,133
2026-09-09,R7/2027,12.25,133
2026-09-09,R8/2027,12.0,137
2026-09-09,R1/2028,12.0,120
2026-09-09,R2/2028,11.5,119
2026-09-09,R3/2028,11.5,119
2026-09-09,R4/2028,11.25,116
2026-09-09,R5/2028,11.0,91
2026-09-10,R6/2026,13.75,138
2026-09-10,R7/2026,13.75,138
2026-09-10,R8/2026,13.75,139
2026-09-10,R1/2027,13.75,136
2026-09-10,R2/2027,13.5,135
2026-09-10,R3/2027,13.25,135
2026-09-10,R4/2027,13.0,135
2026-09-10,R5/2027,12.75,134
2026-09-10,R6/2027,12.5,134
2026-09-10,R7/2027,12.25,134
2026-09-10,R8/2027,12.0,138
2026-09-10,R1/2028,12.0,121
2026-09-10,R2/2028,11.5,120
2026-09-10,R3/2028,11.5,120
2026-09-10,R4/2028,11.25,117
2026-09-10,R5/2028,11.0,93
2026-09-11,R6/2026,13.75,142
2026-09-11,R7/2026,13.75,142
2026-09-11,R8/2026,13.75,143
2026-09-11,R1/2027,13.5,140
2026-09-11,R2/2027,13.5,139
2026-09-11,R3/2027,13.25,139
2026-09-11,R4/2027,13.0,139
2026-09-11,R5/2027,12.625,138
2026-09-11,R6/2027,12.5,138
2026-09-11,R7/2027,12.25,138
2026-09-11,R8/2027,12.0,142
2026-09-11,R1/2028,12.0,125
2026-09-11,R2/2028,11.5,124
2026-09-11,R3/2028,11.375,124
2026-09-11,R4/2028,11.25,122
2026-09-11,R5/2028,11.0,105
